Designator,Footprint,Quantity,Value,LCSC Part #
C101,0805,1,100nF,C28233
C201,0805,1,4.7uF,C1779
C202,0805,1,4.7uF,C1779
C203,0805,1,2.2uF,C49217
C301,0805,1,100nF,C28233
C401,0805,1,100nF,C28233
C402,0805,1,100nF,C28233
C501,0805,1,10uF,C15850
C502,0805,1,100nF,C28233
C503,0805,1,100nF,C28233
C504,0805,1,10nF,C1710
C505,0805,1,220nF,C5378
C506,0805,1,10uF,C15850
C507,0805,1,100nF,C28233
C508,0805,1,10nF,C1710
"D401, D402",D_MiniMELF,2,3.3V Zener,C8056
F301,05200101Z_Fuze_Holder_5x20_PCB_Mount,1,Fuse,
"H101, H102, H103",MountingHole_2.2mm_M2,3,MountingHole,
HS301,Heatsink_Fischer_SK129-STS_42x25mm_2xDrill2.5mm,1,Heatsink,
J101,Molex_Micro-Fit_3.0_43650-0215_1x02_P3.00mm_Vertical,1,9V Supply,
J201,Molex_Micro-Fit_3.0_43650-0215_1x02_P3.00mm_Vertical,1,9VA Supply,
J301,1720819,1,1720819,
J501,Molex_Micro-Fit_3.0_43650-0415_1x04_P3.00mm_Vertical,1,CAN_In,
J502,Molex_Micro-Fit_3.0_43650-0415_1x04_P3.00mm_Vertical,1,CAN_Out,
JP501,PinHeader_1x02_P2.54mm_Vertical,1,Jumper,
L201,L_Taiyo-Yuden_NR-50xx,1,6.8uH,
L501,0805,1,1.8kOhm,
L502,0805,1,1.8kOhm,
LED201,0805,1,9V (Green),
LED601,0805,1,Heartbeat (Blue),
LED602,0805,1,Scanning (Blue),
LED603,0805,1,CAN_Rx (Blue),
LED604,0805,1,CAN_Tx (Blue),
LED605,0805,1,Error (Amber),
Q301,TO-220-3_Vertical,1,IPP041N12N3GXK,
Q302,TO-220-3_Vertical,1,IRF100P218XKMA1,
R201,0805,1,330,C17630
R301,0805,1,6.8k,C17772
R302,0805,1,1.5k,C4310
R303,0805,1,220,C17557
R304,0805,1,100k,C149504
R305,0805,1,1k,C17513
R306,0805,1,1k,C17513
R307,0805,1,1k,C17513
R308,0805,1,1k,C17513
R309,0805,1,1k,C17513
R401,1206,1,2m,
R402,0805,1,1k,C17513
R403,0805,1,1k,C17513
R404,0805,1,1k,C17513
R501,0805,1,0,C17477
R502,0805,1,60.4,
R503,0805,1,60.4,
R601,0805,1,330,C17630
R602,0805,1,330,C17630
R603,0805,1,330,C17630
R604,0805,1,330,C17630
R605,0805,1,330,C17630
SW101,SW_PUSH_6mm,1,SW_Push,
SW301,A20303RNCG_rotary_sw_dp3t,1,A20303RNCG,
TP101,TestPoint_Pad_1.0x1.0mm,1,3V3,
TP102,TestPoint_Pad_1.0x1.0mm,1,9V,
TP103,TestPoint_Pad_1.0x1.0mm,1,GND,
TP201,TestPoint_Pad_1.0x1.0mm,1,5V,
TP202,TestPoint_Pad_1.0x1.0mm,1,9VA,
TP301,TestPoint_Pad_1.0x1.0mm,1,Pre Gate Voltage,
TP302,TestPoint_Pad_1.0x1.0mm,1,Gate Voltage,
TP401,TestPoint_Pad_1.0x1.0mm,1,Pre Array Current +,
TP402,TestPoint_Pad_1.0x1.0mm,1,Pre Array Current -,
TP403,TestPoint_Pad_1.0x1.0mm,1,Array Current,
TP404,TestPoint_Pad_1.0x1.0mm,1,Pre Array Voltage,
TP405,TestPoint_Pad_1.0x1.0mm,1,Array Voltage,
TP501,TestPoint_Pad_1.0x1.0mm,1,CAN_TX,
TP502,TestPoint_Pad_1.0x1.0mm,1,CAN_RX,
TP503,TestPoint_Pad_1.0x1.0mm,1,CAN_ISO_Vout,
TP504,TestPoint_Pad_1.0x1.0mm,1,CAN_ISO_Vin,
TP505,TestPoint_Pad_1.0x1.0mm,1,CAN_ISO_GndIn,
TP506,TestPoint_Pad_1.0x1.0mm,1,CAN_ISO_GndOut,
TP507,TestPoint_Pad_1.0x1.0mm,1,CAN_H,
TP508,TestPoint_Pad_1.0x1.0mm,1,CAN_L,
U101,MODULE_NUCLEO-L432KC,1,MCU_Nucleo_L432KC,
U201,IES01_PDS1,1,IES01_PDS1,
"U301, U402",SOT-23-6,2,OPA990,
U401,SOT-363_SC-70-6_Handsoldering,1,INA210,
U501,ADM3055EBRIZ,1,ADM3055E,
U502,SOT-23,1,CDSOT23-T24CAN,
