"Source:","C:\Users\matth\Documents\Github\Array-CurveTracerPCB\IV Curve Tracer.kicad_sch"
"Date:","2/11/2022 12:21:35 AM"
"Tool:","Eeschema (6.0.1)"
"Generator:","C:\Program Files\KiCad\6.0\bin\scripting\plugins/bom_csv_grouped_by_value.py"
"Component Count:","89"

"Individual Components:"

"Item","Qty","Reference(s)","Value","LibPart","Footprint","Datasheet","Allied Part Number","Allied Price/Stock","Allied_Number","Alternative Part","Description","Distributor","Height","JLCPCB BOM","LCSC Part","Manufacturer","Manufacturer_Name","Manufacturer_Part_Number","Part Number","Projected Cost","Purchase Page"
"","","C1","100nF","Device:C_Small","Capacitor_SMD:C_0805_2012Metric","https://datasheet.lcsc.com/lcsc/1810191216_Samsung-Electro-Mechanics-CL21B104KCFNNNE_C28233.pdf","","","","","","JLCPCB","","1","C28233","Samsung Electro-Mechanics","","","N/A","0.0083","N/A"
"","","C2","4.7uF","Device:C_Small","Capacitor_SMD:C_0805_2012Metric","https://datasheet.lcsc.com/lcsc/1810261822_Samsung-Electro-Mechanics-CL21A475KAQNNNE_C1779.pdf","","","","","","JLCPCB","","1","C1779","Samsung Electro-Mechanics","","","N/A","0.0109","N/A"
"","","C3","4.7uF","Device:C_Small","Capacitor_SMD:C_0805_2012Metric","https://datasheet.lcsc.com/lcsc/1810261822_Samsung-Electro-Mechanics-CL21A475KAQNNNE_C1779.pdf","","","","","","JLCPCB","","1","C1779","Samsung Electro-Mechanics","","","N/A","0.0109","N/A"
"","","C4","2.2uF","Device:C_Small","Capacitor_SMD:C_0805_2012Metric","https://datasheet.lcsc.com/lcsc/1811101411_FH-Guangdong-Fenghua-Advanced-Tech-0805F225M500NT_C49217.pdf","","","","","","JLCPCB","","1","C49217","Guangdong Fenghua Advanced Tech","","","N/A","0.0172","N/A"
"","","C5","100nF","Device:C_Small","Capacitor_SMD:C_0805_2012Metric","https://datasheet.lcsc.com/lcsc/1810191216_Samsung-Electro-Mechanics-CL21B104KCFNNNE_C28233.pdf","","","","","","JLCPCB","","1","C28233","Samsung Electro-Mechanics","","","N/A","0.0083","N/A"
"","","C6","100nF","Device:C_Small","Capacitor_SMD:C_0805_2012Metric","https://datasheet.lcsc.com/lcsc/1810191216_Samsung-Electro-Mechanics-CL21B104KCFNNNE_C28233.pdf","","","","","","JLCPCB","","1","C28233","Samsung Electro-Mechanics","","","N/A","0.0083","N/A"
"","","C7","100nF","Device:C_Small","Capacitor_SMD:C_0805_2012Metric","https://datasheet.lcsc.com/lcsc/1810191216_Samsung-Electro-Mechanics-CL21B104KCFNNNE_C28233.pdf","","","","","","JLCPCB","","1","C28233","Samsung Electro-Mechanics","","","N/A","0.0083","N/A"
"","","C8","10uF","Device:C_Small","Capacitor_SMD:C_0805_2012Metric","https://datasheet.lcsc.com/lcsc/1811121310_Samsung-Electro-Mechanics-CL21A106KAYNNNE_C15850.pdf","","","","","","JLCPCB","","1","C15850","Samsung Electro-Mechanics","","","N/A","0.0141","N/A"
"","","C9","100nF","Device:C_Small","Capacitor_SMD:C_0805_2012Metric","https://datasheet.lcsc.com/lcsc/1810191216_Samsung-Electro-Mechanics-CL21B104KCFNNNE_C28233.pdf","","","","","","JLCPCB","","1","C28233","Samsung Electro-Mechanics","","","N/A","0.0083","N/A"
"","","C10","100nF","Device:C_Small","Capacitor_SMD:C_0805_2012Metric","https://datasheet.lcsc.com/lcsc/1810191216_Samsung-Electro-Mechanics-CL21B104KCFNNNE_C28233.pdf","","","","","","JLCPCB","","1","C28233","Samsung Electro-Mechanics","","","N/A","0.0083","N/A"
"","","C11","10nF","Device:C_Small","Capacitor_SMD:C_0805_2012Metric","https://datasheet.lcsc.com/lcsc/1811151136_Samsung-Electro-Mechanics-CL21B103KBANNNC_C1710.pdf","","","","","","JLCPCB","","1","C1710","Samsung Electro-Mechanics","","","N/A","0.0057","N/A"
"","","C12","220nF","Device:C_Small","Capacitor_SMD:C_0805_2012Metric","https://datasheet.lcsc.com/lcsc/1810191222_Samsung-Electro-Mechanics-CL21B224KBFNNNE_C5378.pdf","","","","","","JLCPCB","","1","C5378","Samsung Electro-Mechanics","","","N/A","0.0118","N/A"
"","","C13","10uF","Device:C_Small","Capacitor_SMD:C_0805_2012Metric","https://datasheet.lcsc.com/lcsc/1811121310_Samsung-Electro-Mechanics-CL21A106KAYNNNE_C15850.pdf","","","","","","JLCPCB","","1","C15850","Samsung Electro-Mechanics","","","N/A","0.0141","N/A"
"","","C14","100nF","Device:C_Small","Capacitor_SMD:C_0805_2012Metric","https://datasheet.lcsc.com/lcsc/1810191216_Samsung-Electro-Mechanics-CL21B104KCFNNNE_C28233.pdf","","","","","","JLCPCB","","1","C28233","Samsung Electro-Mechanics","","","N/A","0.0083","N/A"
"","","C15","10nF","Device:C_Small","Capacitor_SMD:C_0805_2012Metric","https://datasheet.lcsc.com/lcsc/1811151136_Samsung-Electro-Mechanics-CL21B103KBANNNC_C1710.pdf","","","","","","JLCPCB","","1","C1710","Samsung Electro-Mechanics","","","N/A","0.0057","N/A"
"","","D1","3.3V Zener","Device:D_Zener_Small","Diode_SMD:D_MiniMELF","https://datasheet.lcsc.com/lcsc/1811142211_ST-Semtech-ZMM3V3-M_C8056.pdf","","","","","","JLCPCB","","1","C8056","ST(Semtech)","","","N/A","0.0205","N/A"
"","","D2","3.3V Zener","Device:D_Zener_Small","Diode_SMD:D_MiniMELF","https://datasheet.lcsc.com/lcsc/1811142211_ST-Semtech-ZMM3V3-M_C8056.pdf","","","","","","JLCPCB","","1","C8056","ST(Semtech)","","","N/A","0.0205","N/A"
"","","F1","Fuse","Device:Fuse","Footprints:05200101Z_Fuze_Holder_5x20_PCB_Mount","https://www.mouser.com/datasheet/2/240/Littelfuse_Fuse_Block_520_Datasheet_pdf-1372316.pdf","","","","","","Mouser","","0","N/A","Littelfuse","","","576-05200101Z","1.60","https://www.mouser.com/ProductDetail/Littelfuse/05200101Z?qs=gu7KAQ731URy7T5v0X5a9A%3D%3D"
"","","H1","MountingHole","Mechanical:MountingHole","MountingHole:MountingHole_2.2mm_M2","~","","","","","","","","","","","","","","",""
"","","H2","MountingHole","Mechanical:MountingHole","MountingHole:MountingHole_2.2mm_M2","~","","","","","","","","","","","","","","",""
"","","H3","MountingHole","Mechanical:MountingHole","MountingHole:MountingHole_2.2mm_M2","~","","","","","","","","","","","","","","",""
"","","HS1","Heatsink","Mechanical:Heatsink","Heatsink:Heatsink_Fischer_SK129-STS_42x25mm_2xDrill2.5mm","https://www.ohmite.com/assets/docs/sink_f_r.pdf","","","","","","Mouser","","0","N/A","Ohmite","","","588-FA-T220-38E","2.09","https://www.mouser.com/ProductDetail/Ohmite/FA-T220-38E?qs=wmFqszA%252Be7PklmA5Rej7jg%3D%3D"
"","","J1","9V Supply","Connector_Generic:Conn_01x02","Connector_Molex:Molex_Micro-Fit_3.0_43650-0215_1x02_P3.00mm_Vertical","https://www.mouser.com/datasheet/2/276/0436500215_PCB_HEADERS-148687.pdf","","","","","","Mouser","","0","N/A","Molex","","","538-43650-0215","1.46","https://www.mouser.com/ProductDetail/538-43650-0215"
"","","J2","1720819","Array:1720819","Footprints:1720819","https://datasheet.datasheetarchive.com/originals/distributors/SFDatasheet-2/sf-00050435.pdf","71247925","https://www.alliedelec.com/phoenixcontact-1720819/71247925/","71247925","","Phoenix Contact PC Series, 7.62mm Pitch 4 Way Electronic Housing, Solder Termination, 41A","Allied","14.44","0","N/A","Phoenix Connector","Phoenix Contact","1720819","1720819","7.09","https://www.alliedelec.com/product/phoenix-contact/1720819/71247925/?utm_source=octopart&utm_medium=part_sourcing&utm_campaign=partsourcing_octopart"
"","","J3","CAN_In","Array:CAN_Connector_43650-0427","Connector_Molex:Molex_Micro-Fit_3.0_43650-0415_1x04_P3.00mm_Vertical","https://www.mouser.com/datasheet/2/276/0436500415_PCB_HEADERS-148705.pdf","","","","","","Mouser","","0","N/A","Molex","","","538-43650-0427","1.70","https://www.mouser.com/ProductDetail/Molex/43650-0427?qs=yYVs2tXBqMNbk6Zhnc0cBQ%3D%3D"
"","","J4","CAN_Out","Array:CAN_Connector_43650-0427","Connector_Molex:Molex_Micro-Fit_3.0_43650-0415_1x04_P3.00mm_Vertical","https://www.mouser.com/datasheet/2/276/0436500415_PCB_HEADERS-148705.pdf","","","","","","Mouser","","0","N/A","Molex","","","538-43650-0427","1.70","https://www.mouser.com/ProductDetail/Molex/43650-0427?qs=yYVs2tXBqMNbk6Zhnc0cBQ%3D%3D"
"","","JP1","Jumper","Jumper:Jumper_2_Bridged","Connector_PinHeader_2.54mm:PinHeader_1x02_P2.54mm_Vertical","~","","","","","","","","","","","","","","",""
"","","L1","6.8uH","Device:L_Small","Inductor_SMD:L_Taiyo-Yuden_NR-50xx","https://www.mouser.com/datasheet/2/396/wound04_e-1290968.pdf","","","","","","Mouser","","0","N/A","Taiyo Yuden","","","963-NRS5040T6R8MMGJ","0.36","https://www.mouser.com/ProductDetail/Taiyo-Yuden/NRS5040T6R8MMGJ?qs=y6ZabgHbY%252Bzi5243tSRdMg%3D%3D"
"","","L2","1.8kOhm","Device:FerriteBead_Small","Inductor_SMD:L_0805_2012Metric","https://www.mouser.com/datasheet/2/281/1/mure_s_a0010614356_1-2279078.pdf","","","","","","Mouser","","0","N/A","Murata Electronics","","","81-BLM21BD182SN1D","0.23","https://www.mouser.com/ProductDetail/Murata-Electronics/BLM21BD182SN1D?qs=sGAEpiMZZMvCgIIVhD0Cyg9cJWfqr1nr"
"","","L3","1.8kOhm","Device:FerriteBead_Small","Inductor_SMD:L_0805_2012Metric","https://www.mouser.com/datasheet/2/281/1/mure_s_a0010614356_1-2279078.pdf","","","","","","Mouser","","0","N/A","Murata Electronics","","","81-BLM21BD182SN1D","0.23","https://www.mouser.com/ProductDetail/Murata-Electronics/BLM21BD182SN1D?qs=sGAEpiMZZMvCgIIVhD0Cyg9cJWfqr1nr"
"","","LED1","Heartbeat (Blue)","Device:LED","LED_SMD:LED_0805_2012Metric","https://www.mouser.com/datasheet/2/216/APTD2012LQBC_D-1102003.pdf","","","","","","Mouser","","0","N/A","Kingbright","","","604-APTD2012LQBCD","0.57","https://www.mouser.com/ProductDetail/Kingbright/APTD2012LQBC-D?qs=AQlKX63v8RvDGqprk6aUCg%3D%3D"
"","","LED2","Scanning (Blue)","Device:LED","LED_SMD:LED_0805_2012Metric","https://www.mouser.com/datasheet/2/216/APTD2012LQBC_D-1102003.pdf","","","","","","Mouser","","0","N/A","Kingbright","","","604-APTD2012LQBCD","0.57","https://www.mouser.com/ProductDetail/Kingbright/APTD2012LQBC-D?qs=AQlKX63v8RvDGqprk6aUCg%3D%3D"
"","","LED3","CAN_Rx (Blue)","Device:LED","LED_SMD:LED_0805_2012Metric","https://www.mouser.com/datasheet/2/216/APTD2012LQBC_D-1102003.pdf","","","","","","Mouser","","0","N/A","Kingbright","","","604-APTD2012LQBCD","0.57","https://www.mouser.com/ProductDetail/Kingbright/APTD2012LQBC-D?qs=AQlKX63v8RvDGqprk6aUCg%3D%3D"
"","","LED4","CAN_Tx (Blue)","Device:LED","LED_SMD:LED_0805_2012Metric","https://www.mouser.com/datasheet/2/216/APTD2012LQBC_D-1102003.pdf","","","","","","Mouser","","0","N/A","Kingbright","","","604-APTD2012LQBCD","0.57","https://www.mouser.com/ProductDetail/Kingbright/APTD2012LQBC-D?qs=AQlKX63v8RvDGqprk6aUCg%3D%3D"
"","","LED5","Error (Amber)","Device:LED","LED_SMD:LED_0805_2012Metric","https://www.mouser.com/datasheet/2/216/APTD2012LSURCK-1101937.pdf","","","","","","Mouser","","0","N/A","Kingbright","","","604-APTD2012LSURCK","0.46","https://www.mouser.com/ProductDetail/Kingbright/APTD2012LSURCK?qs=AQlKX63v8RvkMadNvwbkxw%3D%3D"
"","","LED6","9V (Green)","Device:LED","LED_SMD:LED_0805_2012Metric","https://www.mouser.com/datasheet/2/216/APTD2012LCGCK-1102037.pdf","","","","","","Mouser","","0","N/A","Kingbright","","","604-APTD2012LCGCK","0.42","https://www.mouser.com/ProductDetail/Kingbright/APTD2012LCGCK?qs=AQlKX63v8RvNHN%2F9EGvNTg%3D%3D"
"","","Q1","IRF100P218XKMA1","Device:Q_NMOS_GDS","Package_TO_SOT_THT:TO-220-3_Vertical","https://www.mouser.com/datasheet/2/196/Infineon-IPP_I_B041N12N3-DS-v02_03-en-1227153.pdf","","","","","","Mouser","","0","N/A","Infineon Technologies","","","726-IPP041N12N3GXK","7.07","https://www.mouser.com/ProductDetail/Infineon-Technologies/IPP041N12N3-G?qs=wK%252BoHS4yu56MUKAoSRvNXg%3D%3D"
"","","Q2","IRF100P218XKMA1","Device:Q_NMOS_GDS","Package_TO_SOT_THT:TO-220-3_Vertical","https://www.mouser.com/datasheet/2/196/Infineon-IPP_I_B041N12N3-DS-v02_03-en-1227153.pdf","","","","","","Mouser","","0","N/A","Infineon Technologies","","","726-IPP041N12N3GXK","7.07","https://www.mouser.com/ProductDetail/Infineon-Technologies/IPP041N12N3-G?qs=wK%252BoHS4yu56MUKAoSRvNXg%3D%3D"
"","","R1","330","Device:R","Resistor_SMD:R_0805_2012Metric","https://datasheet.lcsc.com/lcsc/2110251830_UNI-ROYAL-Uniroyal-Elec-0805W8F3300T5E_C17630.pdf","","","","","","JLCPCB","","1","C17630","Uniroyal Elec","","","N/A","0.0024","N/A"
"","","R2","330","Device:R","Resistor_SMD:R_0805_2012Metric","https://datasheet.lcsc.com/lcsc/2110251830_UNI-ROYAL-Uniroyal-Elec-0805W8F3300T5E_C17630.pdf","","","","","","JLCPCB","","1","C17630","Uniroyal Elec","","","N/A","0.0024","N/A"
"","","R3","330","Device:R","Resistor_SMD:R_0805_2012Metric","https://datasheet.lcsc.com/lcsc/2110251830_UNI-ROYAL-Uniroyal-Elec-0805W8F3300T5E_C17630.pdf","","","","","","JLCPCB","","1","C17630","Uniroyal Elec","","","N/A","0.0024","N/A"
"","","R4","330","Device:R","Resistor_SMD:R_0805_2012Metric","https://datasheet.lcsc.com/lcsc/2110251830_UNI-ROYAL-Uniroyal-Elec-0805W8F3300T5E_C17630.pdf","","","","","","JLCPCB","","1","C17630","Uniroyal Elec","","","N/A","0.0024","N/A"
"","","R5","330","Device:R","Resistor_SMD:R_0805_2012Metric","https://datasheet.lcsc.com/lcsc/2110251830_UNI-ROYAL-Uniroyal-Elec-0805W8F3300T5E_C17630.pdf","","","","","","JLCPCB","","1","C17630","Uniroyal Elec","","","N/A","0.0024","N/A"
"","","R6","330","Device:R","Resistor_SMD:R_0805_2012Metric","https://datasheet.lcsc.com/lcsc/2110251830_UNI-ROYAL-Uniroyal-Elec-0805W8F3300T5E_C17630.pdf","","","","","","JLCPCB","","1","C17630","Uniroyal Elec","","","N/A","0.0024","N/A"
"","","R7","6.8k","Device:R","Resistor_SMD:R_0805_2012Metric","https://datasheet.lcsc.com/lcsc/2110251830_UNI-ROYAL-Uniroyal-Elec-0805W8F6801T5E_C17772.pdf","","","","","","JLCPCB","","1","C17772","Uniroyal Elec","","","N/A","0.0023","N/A"
"","","R8","1.5k","Device:R","Resistor_SMD:R_0805_2012Metric","https://datasheet.lcsc.com/lcsc/2110251730_UNI-ROYAL-Uniroyal-Elec-0805W8F1501T5E_C4310.pdf","","","","","","JLCPCB","","1","C4310","Uniroyal Elec","","","N/A","0.0022","N/A"
"","","R9","220","Device:R","Resistor_SMD:R_0805_2012Metric","https://datasheet.lcsc.com/lcsc/2110251830_UNI-ROYAL-Uniroyal-Elec-0805W8F2200T5E_C17557.pdf","","","","","","JLCPCB","","1","C17557","Uniroyal Elec","","","N/A","0.0023","N/A"
"","","R10","100k","Device:R","Resistor_SMD:R_0805_2012Metric","https://datasheet.lcsc.com/lcsc/2110260430_UNI-ROYAL-Uniroyal-Elec-0805W8F1003T5E_C149504.pdf","","","","","","JLCPCB","","1","C149504","Uniroyal Elec","","","N/A","0.0025","N/A"
"","","R11","1k","Device:R","Resistor_SMD:R_0805_2012Metric","https://datasheet.lcsc.com/lcsc/2110251730_UNI-ROYAL-Uniroyal-Elec-0805W8F1001T5E_C17513.pdf","","","","","","JLCPCB","","1","C17513","Uniroyal Elec","","","N/A","0.0021","N/A"
"","","R12","2m","Device:R","Resistor_SMD:R_1206_3216Metric","https://www.mouser.com/datasheet/2/348/ROHM_S_A0011096104_1-2563399.pdf","","","","https://www.mouser.com/ProductDetail/Bourns/CRF1206-FZ-R002ELF?qs=NoqMqJKvPFJVdeqRsRJxRg%3D%3D","","Mouser","","0","N/A","ROHM Semiconductor","","","755-PMR18EZPFV2L00","0.69","https://www.mouser.com/ProductDetail/ROHM-Semiconductor/PMR18EZPFV2L00?qs=oBjDkOCjPF3F%252BxFCsdw8aQ%3D%3D"
"","","R13","1k","Device:R","Resistor_SMD:R_0805_2012Metric","https://datasheet.lcsc.com/lcsc/2110251730_UNI-ROYAL-Uniroyal-Elec-0805W8F1001T5E_C17513.pdf","","","","","","JLCPCB","","1","C17513","Uniroyal Elec","","","N/A","0.0021","N/A"
"","","R14","1k","Device:R","Resistor_SMD:R_0805_2012Metric","https://datasheet.lcsc.com/lcsc/2110251730_UNI-ROYAL-Uniroyal-Elec-0805W8F1001T5E_C17513.pdf","","","","","","JLCPCB","","1","C17513","Uniroyal Elec","","","N/A","0.0021","N/A"
"","","R15","1k","Device:R","Resistor_SMD:R_0805_2012Metric","https://datasheet.lcsc.com/lcsc/2110251730_UNI-ROYAL-Uniroyal-Elec-0805W8F1001T5E_C17513.pdf","","","","","","JLCPCB","","1","C17513","Uniroyal Elec","","","N/A","0.0021","N/A"
"","","R16","1k","Device:R","Resistor_SMD:R_0805_2012Metric","https://datasheet.lcsc.com/lcsc/2110251730_UNI-ROYAL-Uniroyal-Elec-0805W8F1001T5E_C17513.pdf","","","","","","JLCPCB","","1","C17513","Uniroyal Elec","","","N/A","0.0021","N/A"
"","","R17","1k","Device:R","Resistor_SMD:R_0805_2012Metric","https://datasheet.lcsc.com/lcsc/2110251730_UNI-ROYAL-Uniroyal-Elec-0805W8F1001T5E_C17513.pdf","","","","","","JLCPCB","","1","C17513","Uniroyal Elec","","","N/A","0.0021","N/A"
"","","R18","1k","Device:R","Resistor_SMD:R_0805_2012Metric","https://datasheet.lcsc.com/lcsc/2110251730_UNI-ROYAL-Uniroyal-Elec-0805W8F1001T5E_C17513.pdf","","","","","","JLCPCB","","1","C17513","Uniroyal Elec","","","N/A","0.0021","N/A"
"","","R19","0","Device:R","Resistor_SMD:R_0805_2012Metric","https://datasheet.lcsc.com/lcsc/2110251730_UNI-ROYAL-Uniroyal-Elec-0805W8F0000T5E_C17477.pdf","","","","","","JLCPCB","","1","C17477","Uniroyal Elec","","","N/A","0.0023","N/A"
"","","R20","60.4","Device:R_Small","Resistor_SMD:R_0805_2012Metric","https://www.mouser.com/datasheet/2/427/crcwhpe3-1713858.pdf","","","","","","Mouser","","0","N/A","Vishay/Dale","","","71-CRCW080560R4FKEAH","0.25","https://www.mouser.com/ProductDetail/Vishay-Dale/CRCW080560R4FKEAHP?qs=40TFAHZMFvcOLVKmRrsypQ%3D%3D"
"","","R21","60.4","Device:R_Small","Resistor_SMD:R_0805_2012Metric","https://www.mouser.com/datasheet/2/427/crcwhpe3-1713858.pdf","","","","","","Mouser","","0","N/A","Vishay/Dale","","","71-CRCW080560R4FKEAH","0.25","https://www.mouser.com/ProductDetail/Vishay-Dale/CRCW080560R4FKEAHP?qs=40TFAHZMFvcOLVKmRrsypQ%3D%3D"
"","","R22","1k","Device:R","Resistor_SMD:R_0805_2012Metric","https://datasheet.lcsc.com/lcsc/2110251730_UNI-ROYAL-Uniroyal-Elec-0805W8F1001T5E_C17513.pdf","","","","","","JLCPCB","","1","C17513","Uniroyal Elec","","","N/A","0.0021","N/A"
"","","SW1","SW_Push","Switch:SW_Push","Button_Switch_THT:SW_PUSH_6mm","https://www.mouser.com/datasheet/2/670/ts02-2586188.pdf","","","","","","Mouser","","0","N/A","CUI Devices","","","179-TS026650BK260SCR","0.10","https://www.mouser.com/ProductDetail/CUI-Devices/TS02-66-50-BK-260-SCR-D?qs=A6eO%252BMLsxmQtNldP04biKA%3D%3D"
"","","SW2","A20303RNCG","Array:SW_Rotary2x3","Footprints:A20303RNCG_rotary_sw_dp3t","https://www.mouser.com/datasheet/2/60/arotary-1841363.pdf","","","","","","Mouser","","0","N/A","C&K","","","611-A20303RNCG","11.86","https://www.mouser.com/ProductDetail/CK/A20303RNCG?qs=h7H1bHRqGz8QepjhhmWD%2FQ%3D%3D"
"","","TP1","9V","Connector:TestPoint","TestPoint:TestPoint_Pad_1.0x1.0mm","~","","","","","","","","","","","","","","",""
"","","TP2","5V","Connector:TestPoint","TestPoint:TestPoint_Pad_1.0x1.0mm","~","","","","","","","","","","","","","","",""
"","","TP3","3V3","Connector:TestPoint","TestPoint:TestPoint_Pad_1.0x1.0mm","~","","","","","","","","","","","","","","",""
"","","TP4","GND","Connector:TestPoint","TestPoint:TestPoint_Pad_1.0x1.0mm","~","","","","","","","","","","","","","","",""
"","","TP5","9VA","Connector:TestPoint","TestPoint:TestPoint_Pad_1.0x1.0mm","~","","","","","","","","","","","","","","",""
"","","TP6","Pre Array Current +","Connector:TestPoint","TestPoint:TestPoint_Pad_1.0x1.0mm","~","","","","","","","","","","","","","","",""
"","","TP7","Pre Array Current -","Connector:TestPoint","TestPoint:TestPoint_Pad_1.0x1.0mm","~","","","","","","","","","","","","","","",""
"","","TP8","Array Current","Connector:TestPoint","TestPoint:TestPoint_Pad_1.0x1.0mm","~","","","","","","","","","","","","","","",""
"","","TP9","Pre Array Voltage","Connector:TestPoint","TestPoint:TestPoint_Pad_1.0x1.0mm","~","","","","","","","","","","","","","","",""
"","","TP10","Array Voltage","Connector:TestPoint","TestPoint:TestPoint_Pad_1.0x1.0mm","~","","","","","","","","","","","","","","",""
"","","TP11","Pre Gate Voltage","Connector:TestPoint","TestPoint:TestPoint_Pad_1.0x1.0mm","~","","","","","","","","","","","","","","",""
"","","TP12","Gate Voltage","Connector:TestPoint","TestPoint:TestPoint_Pad_1.0x1.0mm","~","","","","","","","","","","","","","","",""
"","","TP13","CAN_Tx","Connector:TestPoint","TestPoint:TestPoint_Pad_1.0x1.0mm","~","","","","","","","","","","","","","","",""
"","","TP14","CAN_Rx","Connector:TestPoint","TestPoint:TestPoint_Pad_1.0x1.0mm","~","","","","","","","","","","","","","","",""
"","","TP15","CAN_ISO_Vout","Connector:TestPoint","TestPoint:TestPoint_Pad_1.0x1.0mm","~","","","","","","","","","","","","","","",""
"","","TP16","CAN_ISO_Vin","Connector:TestPoint","TestPoint:TestPoint_Pad_1.0x1.0mm","~","","","","","","","","","","","","","","",""
"","","TP17","CAN_ISO_GndIn","Connector:TestPoint","TestPoint:TestPoint_Pad_1.0x1.0mm","~","","","","","","","","","","","","","","",""
"","","TP18","CAN_ISO_GndOut","Connector:TestPoint","TestPoint:TestPoint_Pad_1.0x1.0mm","~","","","","","","","","","","","","","","",""
"","","TP19","CAN_H","Connector:TestPoint","TestPoint:TestPoint_Pad_1.0x1.0mm","~","","","","","","","","","","","","","","",""
"","","TP20","CAN_L","Connector:TestPoint","TestPoint:TestPoint_Pad_1.0x1.0mm","~","","","","","","","","","","","","","","",""
"","","U1","MCU_Nucleo_L432KC","Array:MCU_Nucleo_L432KC","Footprints:MODULE_NUCLEO-L432KC","https://www.mouser.com/datasheet/2/389/nucleo-f031k6-1484037.pdf","","","","","","Mouser","","0","N/A","STMicroelectronics","","","511-NUCLEO-L432KC","10.64","https://www.mouser.com/ProductDetail/STMicroelectronics/NUCLEO-L432KC?qs=qzCNEk%252BRr%252BajjPvxjwWK5g%3D%3D"
"","","U2","IES01_PDS1","Array:IES01_PDS1","Footprints:IES01_PDS1","https://www.mouser.com/datasheet/2/942/SF_IES01-1666999.pdf","","","","https://www.mouser.com/ProductDetail/CUI-Inc/PDS1-S5-S9-M-TR?qs=WyjlAZoYn52QMcZg5rCl5g%3D%3D","","Mouser","","0","N/A","XP Power","","","209-IES0105S09","3.60","https://www.mouser.com/ProductDetail/XP-Power/IES0105S09?qs=Cb2nCFKsA8olKT2yq0l%2FZg%3D%3D"
"","","U3","INA210","Array:OP_AMP_INA21x","Package_TO_SOT_SMD:SOT-363_SC-70-6_Handsoldering","https://www.ti.com/lit/gpn/INA210","","","","","","Texas Instruments","","0","N/A","Texas Instruments","","","INA210AIDCKT","1.156","https://www.ti.com/store/ti/en/p/product/?p=INA210AIDCKT&HQS=OCB-tistore-null-storeinv-invf-store-octopart-wwe"
"","","U4","MAX40075","Amplifier_Operational:MAX4238AUT","Package_TO_SOT_SMD:SOT-23-6","https://www.mouser.com/datasheet/2/256/MAX40075_MAX40088-1284430.pdf","","","","","","Mouser","","0","N/A","Maxim Integrated","","","700-MAX40075AUT+","2.13","https://www.mouser.com/ProductDetail/Maxim-Integrated/MAX40075AUT%2b?qs=rrS6PyfT74cbt4ErCTtr0Q%3D%3D"
"","","U5","MAX40075","Amplifier_Operational:MAX4238AUT","Package_TO_SOT_SMD:SOT-23-6","https://www.mouser.com/datasheet/2/256/MAX40075_MAX40088-1284430.pdf","","","","","","Mouser","","0","N/A","Maxim Integrated","","","700-MAX40075AUT+","2.13","https://www.mouser.com/ProductDetail/Maxim-Integrated/MAX40075AUT%2b?qs=rrS6PyfT74cbt4ErCTtr0Q%3D%3D"
"","","U6","ADM3055E","Array:CAN_Chip_ADM3055E","Footprints:ADM3055EBRIZ","https://www.mouser.com/datasheet/2/609/ADM3055E-3057E-1509677.pdf","","","","","","Mouser","","0","N/A","Analog Devices","","","584-ADM3055EBRIZ","14.91","https://www.mouser.com/ProductDetail/Analog-Devices/ADM3055EBRIZ?qs=w%2Fv1CP2dgqo%2F70Yob%2FS6iA%3D%3D"
"","","U7","CDSOT23-T24CAN","Array:CAN_Bus_Protector_CDSOT23-T24CAN","Package_TO_SOT_SMD:SOT-23","https://www.mouser.com/datasheet/2/54/cdsot23-t24can-q-1534349.pdf","","","","","","Mouser","","0","N/A","Bourns","","","652-CDSOT23-T24CAN-Q","0.50","https://www.mouser.com/ProductDetail/Bourns/CDSOT23-T24CAN-Q?qs=xhbEVWpZdWdLN7nyBILlNA%3D%3D"



"Collated Components:"

"Item","Qty","Reference(s)","Value","LibPart","Footprint","Datasheet","Allied Part Number","Allied Price/Stock","Allied_Number","Alternative Part","Description","Distributor","Height","JLCPCB BOM","LCSC Part","Manufacturer","Manufacturer_Name","Manufacturer_Part_Number","Part Number","Projected Cost","Purchase Page"
"1","7","C1, C5, C6, C7, C9, C10, C14","100nF","Device:C_Small","Capacitor_SMD:C_0805_2012Metric","https://datasheet.lcsc.com/lcsc/1810191216_Samsung-Electro-Mechanics-CL21B104KCFNNNE_C28233.pdf","","","","","","JLCPCB","","1","C28233","Samsung Electro-Mechanics","","","N/A","0.0083","N/A"
"2","2","C2, C3","4.7uF","Device:C_Small","Capacitor_SMD:C_0805_2012Metric","https://datasheet.lcsc.com/lcsc/1810261822_Samsung-Electro-Mechanics-CL21A475KAQNNNE_C1779.pdf","","","","","","JLCPCB","","1","C1779","Samsung Electro-Mechanics","","","N/A","0.0109","N/A"
"3","1","C4","2.2uF","Device:C_Small","Capacitor_SMD:C_0805_2012Metric","https://datasheet.lcsc.com/lcsc/1811101411_FH-Guangdong-Fenghua-Advanced-Tech-0805F225M500NT_C49217.pdf","","","","","","JLCPCB","","1","C49217","Guangdong Fenghua Advanced Tech","","","N/A","0.0172","N/A"
"4","2","C8, C13","10uF","Device:C_Small","Capacitor_SMD:C_0805_2012Metric","https://datasheet.lcsc.com/lcsc/1811121310_Samsung-Electro-Mechanics-CL21A106KAYNNNE_C15850.pdf","","","","","","JLCPCB","","1","C15850","Samsung Electro-Mechanics","","","N/A","0.0141","N/A"
"5","2","C11, C15","10nF","Device:C_Small","Capacitor_SMD:C_0805_2012Metric","https://datasheet.lcsc.com/lcsc/1811151136_Samsung-Electro-Mechanics-CL21B103KBANNNC_C1710.pdf","","","","","","JLCPCB","","1","C1710","Samsung Electro-Mechanics","","","N/A","0.0057","N/A"
"6","1","C12","220nF","Device:C_Small","Capacitor_SMD:C_0805_2012Metric","https://datasheet.lcsc.com/lcsc/1810191222_Samsung-Electro-Mechanics-CL21B224KBFNNNE_C5378.pdf","","","","","","JLCPCB","","1","C5378","Samsung Electro-Mechanics","","","N/A","0.0118","N/A"
"7","2","D1, D2","3.3V Zener","Device:D_Zener_Small","Diode_SMD:D_MiniMELF","https://datasheet.lcsc.com/lcsc/1811142211_ST-Semtech-ZMM3V3-M_C8056.pdf","","","","","","JLCPCB","","1","C8056","ST(Semtech)","","","N/A","0.0205","N/A"
"8","1","F1","Fuse","Device:Fuse","Footprints:05200101Z_Fuze_Holder_5x20_PCB_Mount","https://www.mouser.com/datasheet/2/240/Littelfuse_Fuse_Block_520_Datasheet_pdf-1372316.pdf","","","","","","Mouser","","0","N/A","Littelfuse","","","576-05200101Z","1.60","https://www.mouser.com/ProductDetail/Littelfuse/05200101Z?qs=gu7KAQ731URy7T5v0X5a9A%3D%3D"
"9","3","H1, H2, H3","MountingHole","Mechanical:MountingHole","MountingHole:MountingHole_2.2mm_M2","~","","","","","","","","","","","","","","",""
"10","1","HS1","Heatsink","Mechanical:Heatsink","Heatsink:Heatsink_Fischer_SK129-STS_42x25mm_2xDrill2.5mm","https://www.ohmite.com/assets/docs/sink_f_r.pdf","","","","","","Mouser","","0","N/A","Ohmite","","","588-FA-T220-38E","2.09","https://www.mouser.com/ProductDetail/Ohmite/FA-T220-38E?qs=wmFqszA%252Be7PklmA5Rej7jg%3D%3D"
"11","1","J1","9V Supply","Connector_Generic:Conn_01x02","Connector_Molex:Molex_Micro-Fit_3.0_43650-0215_1x02_P3.00mm_Vertical","https://www.mouser.com/datasheet/2/276/0436500215_PCB_HEADERS-148687.pdf","","","","","","Mouser","","0","N/A","Molex","","","538-43650-0215","1.46","https://www.mouser.com/ProductDetail/538-43650-0215"
"12","1","J2","1720819","Array:1720819","Footprints:1720819","https://datasheet.datasheetarchive.com/originals/distributors/SFDatasheet-2/sf-00050435.pdf","71247925","https://www.alliedelec.com/phoenixcontact-1720819/71247925/","71247925","","Phoenix Contact PC Series, 7.62mm Pitch 4 Way Electronic Housing, Solder Termination, 41A","Allied","14.44","0","N/A","Phoenix Connector","Phoenix Contact","1720819","1720819","7.09","https://www.alliedelec.com/product/phoenix-contact/1720819/71247925/?utm_source=octopart&utm_medium=part_sourcing&utm_campaign=partsourcing_octopart"
"13","1","J3","CAN_In","Array:CAN_Connector_43650-0427","Connector_Molex:Molex_Micro-Fit_3.0_43650-0415_1x04_P3.00mm_Vertical","https://www.mouser.com/datasheet/2/276/0436500415_PCB_HEADERS-148705.pdf","","","","","","Mouser","","0","N/A","Molex","","","538-43650-0427","1.70","https://www.mouser.com/ProductDetail/Molex/43650-0427?qs=yYVs2tXBqMNbk6Zhnc0cBQ%3D%3D"
"14","1","J4","CAN_Out","Array:CAN_Connector_43650-0427","Connector_Molex:Molex_Micro-Fit_3.0_43650-0415_1x04_P3.00mm_Vertical","https://www.mouser.com/datasheet/2/276/0436500415_PCB_HEADERS-148705.pdf","","","","","","Mouser","","0","N/A","Molex","","","538-43650-0427","1.70","https://www.mouser.com/ProductDetail/Molex/43650-0427?qs=yYVs2tXBqMNbk6Zhnc0cBQ%3D%3D"
"15","1","JP1","Jumper","Jumper:Jumper_2_Bridged","Connector_PinHeader_2.54mm:PinHeader_1x02_P2.54mm_Vertical","~","","","","","","","","","","","","","","",""
"16","1","L1","6.8uH","Device:L_Small","Inductor_SMD:L_Taiyo-Yuden_NR-50xx","https://www.mouser.com/datasheet/2/396/wound04_e-1290968.pdf","","","","","","Mouser","","0","N/A","Taiyo Yuden","","","963-NRS5040T6R8MMGJ","0.36","https://www.mouser.com/ProductDetail/Taiyo-Yuden/NRS5040T6R8MMGJ?qs=y6ZabgHbY%252Bzi5243tSRdMg%3D%3D"
"17","2","L2, L3","1.8kOhm","Device:FerriteBead_Small","Inductor_SMD:L_0805_2012Metric","https://www.mouser.com/datasheet/2/281/1/mure_s_a0010614356_1-2279078.pdf","","","","","","Mouser","","0","N/A","Murata Electronics","","","81-BLM21BD182SN1D","0.23","https://www.mouser.com/ProductDetail/Murata-Electronics/BLM21BD182SN1D?qs=sGAEpiMZZMvCgIIVhD0Cyg9cJWfqr1nr"
"18","1","LED1","Heartbeat (Blue)","Device:LED","LED_SMD:LED_0805_2012Metric","https://www.mouser.com/datasheet/2/216/APTD2012LQBC_D-1102003.pdf","","","","","","Mouser","","0","N/A","Kingbright","","","604-APTD2012LQBCD","0.57","https://www.mouser.com/ProductDetail/Kingbright/APTD2012LQBC-D?qs=AQlKX63v8RvDGqprk6aUCg%3D%3D"
"19","1","LED2","Scanning (Blue)","Device:LED","LED_SMD:LED_0805_2012Metric","https://www.mouser.com/datasheet/2/216/APTD2012LQBC_D-1102003.pdf","","","","","","Mouser","","0","N/A","Kingbright","","","604-APTD2012LQBCD","0.57","https://www.mouser.com/ProductDetail/Kingbright/APTD2012LQBC-D?qs=AQlKX63v8RvDGqprk6aUCg%3D%3D"
"20","1","LED3","CAN_Rx (Blue)","Device:LED","LED_SMD:LED_0805_2012Metric","https://www.mouser.com/datasheet/2/216/APTD2012LQBC_D-1102003.pdf","","","","","","Mouser","","0","N/A","Kingbright","","","604-APTD2012LQBCD","0.57","https://www.mouser.com/ProductDetail/Kingbright/APTD2012LQBC-D?qs=AQlKX63v8RvDGqprk6aUCg%3D%3D"
"21","1","LED4","CAN_Tx (Blue)","Device:LED","LED_SMD:LED_0805_2012Metric","https://www.mouser.com/datasheet/2/216/APTD2012LQBC_D-1102003.pdf","","","","","","Mouser","","0","N/A","Kingbright","","","604-APTD2012LQBCD","0.57","https://www.mouser.com/ProductDetail/Kingbright/APTD2012LQBC-D?qs=AQlKX63v8RvDGqprk6aUCg%3D%3D"
"22","1","LED5","Error (Amber)","Device:LED","LED_SMD:LED_0805_2012Metric","https://www.mouser.com/datasheet/2/216/APTD2012LSURCK-1101937.pdf","","","","","","Mouser","","0","N/A","Kingbright","","","604-APTD2012LSURCK","0.46","https://www.mouser.com/ProductDetail/Kingbright/APTD2012LSURCK?qs=AQlKX63v8RvkMadNvwbkxw%3D%3D"
"23","1","LED6","9V (Green)","Device:LED","LED_SMD:LED_0805_2012Metric","https://www.mouser.com/datasheet/2/216/APTD2012LCGCK-1102037.pdf","","","","","","Mouser","","0","N/A","Kingbright","","","604-APTD2012LCGCK","0.42","https://www.mouser.com/ProductDetail/Kingbright/APTD2012LCGCK?qs=AQlKX63v8RvNHN%2F9EGvNTg%3D%3D"
"24","2","Q1, Q2","IRF100P218XKMA1","Device:Q_NMOS_GDS","Package_TO_SOT_THT:TO-220-3_Vertical","https://www.mouser.com/datasheet/2/196/Infineon-IPP_I_B041N12N3-DS-v02_03-en-1227153.pdf","","","","","","Mouser","","0","N/A","Infineon Technologies","","","726-IPP041N12N3GXK","7.07","https://www.mouser.com/ProductDetail/Infineon-Technologies/IPP041N12N3-G?qs=wK%252BoHS4yu56MUKAoSRvNXg%3D%3D"
"25","6","R1, R2, R3, R4, R5, R6","330","Device:R","Resistor_SMD:R_0805_2012Metric","https://datasheet.lcsc.com/lcsc/2110251830_UNI-ROYAL-Uniroyal-Elec-0805W8F3300T5E_C17630.pdf","","","","","","JLCPCB","","1","C17630","Uniroyal Elec","","","N/A","0.0024","N/A"
"26","1","R7","6.8k","Device:R","Resistor_SMD:R_0805_2012Metric","https://datasheet.lcsc.com/lcsc/2110251830_UNI-ROYAL-Uniroyal-Elec-0805W8F6801T5E_C17772.pdf","","","","","","JLCPCB","","1","C17772","Uniroyal Elec","","","N/A","0.0023","N/A"
"27","1","R8","1.5k","Device:R","Resistor_SMD:R_0805_2012Metric","https://datasheet.lcsc.com/lcsc/2110251730_UNI-ROYAL-Uniroyal-Elec-0805W8F1501T5E_C4310.pdf","","","","","","JLCPCB","","1","C4310","Uniroyal Elec","","","N/A","0.0022","N/A"
"28","1","R9","220","Device:R","Resistor_SMD:R_0805_2012Metric","https://datasheet.lcsc.com/lcsc/2110251830_UNI-ROYAL-Uniroyal-Elec-0805W8F2200T5E_C17557.pdf","","","","","","JLCPCB","","1","C17557","Uniroyal Elec","","","N/A","0.0023","N/A"
"29","1","R10","100k","Device:R","Resistor_SMD:R_0805_2012Metric","https://datasheet.lcsc.com/lcsc/2110260430_UNI-ROYAL-Uniroyal-Elec-0805W8F1003T5E_C149504.pdf","","","","","","JLCPCB","","1","C149504","Uniroyal Elec","","","N/A","0.0025","N/A"
"30","8","R11, R13, R14, R15, R16, R17, R18, R22","1k","Device:R","Resistor_SMD:R_0805_2012Metric","https://datasheet.lcsc.com/lcsc/2110251730_UNI-ROYAL-Uniroyal-Elec-0805W8F1001T5E_C17513.pdf","","","","","","JLCPCB","","1","C17513","Uniroyal Elec","","","N/A","0.0021","N/A"
"31","1","R12","2m","Device:R","Resistor_SMD:R_1206_3216Metric","https://www.mouser.com/datasheet/2/348/ROHM_S_A0011096104_1-2563399.pdf","","","","https://www.mouser.com/ProductDetail/Bourns/CRF1206-FZ-R002ELF?qs=NoqMqJKvPFJVdeqRsRJxRg%3D%3D","","Mouser","","0","N/A","ROHM Semiconductor","","","755-PMR18EZPFV2L00","0.69","https://www.mouser.com/ProductDetail/ROHM-Semiconductor/PMR18EZPFV2L00?qs=oBjDkOCjPF3F%252BxFCsdw8aQ%3D%3D"
"32","1","R19","0","Device:R","Resistor_SMD:R_0805_2012Metric","https://datasheet.lcsc.com/lcsc/2110251730_UNI-ROYAL-Uniroyal-Elec-0805W8F0000T5E_C17477.pdf","","","","","","JLCPCB","","1","C17477","Uniroyal Elec","","","N/A","0.0023","N/A"
"33","2","R20, R21","60.4","Device:R_Small","Resistor_SMD:R_0805_2012Metric","https://www.mouser.com/datasheet/2/427/crcwhpe3-1713858.pdf","","","","","","Mouser","","0","N/A","Vishay/Dale","","","71-CRCW080560R4FKEAH","0.25","https://www.mouser.com/ProductDetail/Vishay-Dale/CRCW080560R4FKEAHP?qs=40TFAHZMFvcOLVKmRrsypQ%3D%3D"
"34","1","SW1","SW_Push","Switch:SW_Push","Button_Switch_THT:SW_PUSH_6mm","https://www.mouser.com/datasheet/2/670/ts02-2586188.pdf","","","","","","Mouser","","0","N/A","CUI Devices","","","179-TS026650BK260SCR","0.10","https://www.mouser.com/ProductDetail/CUI-Devices/TS02-66-50-BK-260-SCR-D?qs=A6eO%252BMLsxmQtNldP04biKA%3D%3D"
"35","1","SW2","A20303RNCG","Array:SW_Rotary2x3","Footprints:A20303RNCG_rotary_sw_dp3t","https://www.mouser.com/datasheet/2/60/arotary-1841363.pdf","","","","","","Mouser","","0","N/A","C&K","","","611-A20303RNCG","11.86","https://www.mouser.com/ProductDetail/CK/A20303RNCG?qs=h7H1bHRqGz8QepjhhmWD%2FQ%3D%3D"
"36","1","TP1","9V","Connector:TestPoint","TestPoint:TestPoint_Pad_1.0x1.0mm","~","","","","","","","","","","","","","","",""
"37","1","TP2","5V","Connector:TestPoint","TestPoint:TestPoint_Pad_1.0x1.0mm","~","","","","","","","","","","","","","","",""
"38","1","TP3","3V3","Connector:TestPoint","TestPoint:TestPoint_Pad_1.0x1.0mm","~","","","","","","","","","","","","","","",""
"39","1","TP4","GND","Connector:TestPoint","TestPoint:TestPoint_Pad_1.0x1.0mm","~","","","","","","","","","","","","","","",""
"40","1","TP5","9VA","Connector:TestPoint","TestPoint:TestPoint_Pad_1.0x1.0mm","~","","","","","","","","","","","","","","",""
"41","1","TP6","Pre Array Current +","Connector:TestPoint","TestPoint:TestPoint_Pad_1.0x1.0mm","~","","","","","","","","","","","","","","",""
"42","1","TP7","Pre Array Current -","Connector:TestPoint","TestPoint:TestPoint_Pad_1.0x1.0mm","~","","","","","","","","","","","","","","",""
"43","1","TP8","Array Current","Connector:TestPoint","TestPoint:TestPoint_Pad_1.0x1.0mm","~","","","","","","","","","","","","","","",""
"44","1","TP9","Pre Array Voltage","Connector:TestPoint","TestPoint:TestPoint_Pad_1.0x1.0mm","~","","","","","","","","","","","","","","",""
"45","1","TP10","Array Voltage","Connector:TestPoint","TestPoint:TestPoint_Pad_1.0x1.0mm","~","","","","","","","","","","","","","","",""
"46","1","TP11","Pre Gate Voltage","Connector:TestPoint","TestPoint:TestPoint_Pad_1.0x1.0mm","~","","","","","","","","","","","","","","",""
"47","1","TP12","Gate Voltage","Connector:TestPoint","TestPoint:TestPoint_Pad_1.0x1.0mm","~","","","","","","","","","","","","","","",""
"48","1","TP13","CAN_Tx","Connector:TestPoint","TestPoint:TestPoint_Pad_1.0x1.0mm","~","","","","","","","","","","","","","","",""
"49","1","TP14","CAN_Rx","Connector:TestPoint","TestPoint:TestPoint_Pad_1.0x1.0mm","~","","","","","","","","","","","","","","",""
"50","1","TP15","CAN_ISO_Vout","Connector:TestPoint","TestPoint:TestPoint_Pad_1.0x1.0mm","~","","","","","","","","","","","","","","",""
"51","1","TP16","CAN_ISO_Vin","Connector:TestPoint","TestPoint:TestPoint_Pad_1.0x1.0mm","~","","","","","","","","","","","","","","",""
"52","1","TP17","CAN_ISO_GndIn","Connector:TestPoint","TestPoint:TestPoint_Pad_1.0x1.0mm","~","","","","","","","","","","","","","","",""
"53","1","TP18","CAN_ISO_GndOut","Connector:TestPoint","TestPoint:TestPoint_Pad_1.0x1.0mm","~","","","","","","","","","","","","","","",""
"54","1","TP19","CAN_H","Connector:TestPoint","TestPoint:TestPoint_Pad_1.0x1.0mm","~","","","","","","","","","","","","","","",""
"55","1","TP20","CAN_L","Connector:TestPoint","TestPoint:TestPoint_Pad_1.0x1.0mm","~","","","","","","","","","","","","","","",""
"56","1","U1","MCU_Nucleo_L432KC","Array:MCU_Nucleo_L432KC","Footprints:MODULE_NUCLEO-L432KC","https://www.mouser.com/datasheet/2/389/nucleo-f031k6-1484037.pdf","","","","","","Mouser","","0","N/A","STMicroelectronics","","","511-NUCLEO-L432KC","10.64","https://www.mouser.com/ProductDetail/STMicroelectronics/NUCLEO-L432KC?qs=qzCNEk%252BRr%252BajjPvxjwWK5g%3D%3D"
"57","1","U2","IES01_PDS1","Array:IES01_PDS1","Footprints:IES01_PDS1","https://www.mouser.com/datasheet/2/942/SF_IES01-1666999.pdf","","","","https://www.mouser.com/ProductDetail/CUI-Inc/PDS1-S5-S9-M-TR?qs=WyjlAZoYn52QMcZg5rCl5g%3D%3D","","Mouser","","0","N/A","XP Power","","","209-IES0105S09","3.60","https://www.mouser.com/ProductDetail/XP-Power/IES0105S09?qs=Cb2nCFKsA8olKT2yq0l%2FZg%3D%3D"
"58","1","U3","INA210","Array:OP_AMP_INA21x","Package_TO_SOT_SMD:SOT-363_SC-70-6_Handsoldering","https://www.ti.com/lit/gpn/INA210","","","","","","Texas Instruments","","0","N/A","Texas Instruments","","","INA210AIDCKT","1.156","https://www.ti.com/store/ti/en/p/product/?p=INA210AIDCKT&HQS=OCB-tistore-null-storeinv-invf-store-octopart-wwe"
"59","2","U4, U5","MAX40075","Amplifier_Operational:MAX4238AUT","Package_TO_SOT_SMD:SOT-23-6","https://www.mouser.com/datasheet/2/256/MAX40075_MAX40088-1284430.pdf","","","","","","Mouser","","0","N/A","Maxim Integrated","","","700-MAX40075AUT+","2.13","https://www.mouser.com/ProductDetail/Maxim-Integrated/MAX40075AUT%2b?qs=rrS6PyfT74cbt4ErCTtr0Q%3D%3D"
"60","1","U6","ADM3055E","Array:CAN_Chip_ADM3055E","Footprints:ADM3055EBRIZ","https://www.mouser.com/datasheet/2/609/ADM3055E-3057E-1509677.pdf","","","","","","Mouser","","0","N/A","Analog Devices","","","584-ADM3055EBRIZ","14.91","https://www.mouser.com/ProductDetail/Analog-Devices/ADM3055EBRIZ?qs=w%2Fv1CP2dgqo%2F70Yob%2FS6iA%3D%3D"
"61","1","U7","CDSOT23-T24CAN","Array:CAN_Bus_Protector_CDSOT23-T24CAN","Package_TO_SOT_SMD:SOT-23","https://www.mouser.com/datasheet/2/54/cdsot23-t24can-q-1534349.pdf","","","","","","Mouser","","0","N/A","Bourns","","","652-CDSOT23-T24CAN-Q","0.50","https://www.mouser.com/ProductDetail/Bourns/CDSOT23-T24CAN-Q?qs=xhbEVWpZdWdLN7nyBILlNA%3D%3D"
