Comment,Designator,Footprint,LCSC Part #
"100nF Unpolarized capacitor, small symbol","C1,C5,C6,C7,C9,C10,C14","['Capacitor_SMD', 'C_0805_2012Metric']",C28233
"4.7uF Unpolarized capacitor, small symbol","C2,C3","['Capacitor_SMD', 'C_0805_2012Metric']",C1779
"2.2uF Unpolarized capacitor, small symbol",C4,"['Capacitor_SMD', 'C_0805_2012Metric']",C49217
"10uF Unpolarized capacitor, small symbol","C8,C13","['Capacitor_SMD', 'C_0805_2012Metric']",C15850
"10nF Unpolarized capacitor, small symbol","C11,C15","['Capacitor_SMD', 'C_0805_2012Metric']",C1710
"220nF Unpolarized capacitor, small symbol",C12,"['Capacitor_SMD', 'C_0805_2012Metric']",C5378
"3.3V Zener Zener diode, small symbol","D1,D2","['Diode_SMD', 'D_MiniMELF']",C8056
MountingHole Mounting Hole without connection,"H1,H2,H3","['MountingHole', 'MountingHole_2.2mm_M2']",
"Jumper Jumper, 2-pole, closed/bridged",JP1,"['Connector_PinHeader_2.54mm', 'PinHeader_1x02_P2.54mm_Vertical']",
330 Resistor,"R1,R2,R3,R4,R5,R6","['Resistor_SMD', 'R_0805_2012Metric']",C17630
6.8k Resistor,R7,"['Resistor_SMD', 'R_0805_2012Metric']",C17772
1.5k Resistor,R8,"['Resistor_SMD', 'R_0805_2012Metric']",C4310
220 Resistor,R9,"['Resistor_SMD', 'R_0805_2012Metric']",C17557
100k Resistor,R10,"['Resistor_SMD', 'R_0805_2012Metric']",C149504
1k Resistor,"R11,R13,R14,R15,R16,R17,R18,R22","['Resistor_SMD', 'R_0805_2012Metric']",C17513
0 Resistor,R19,"['Resistor_SMD', 'R_0805_2012Metric']",C17477
9V test point,TP1,"['TestPoint', 'TestPoint_Pad_1.0x1.0mm']",
5V test point,TP2,"['TestPoint', 'TestPoint_Pad_1.0x1.0mm']",
3V3 test point,TP3,"['TestPoint', 'TestPoint_Pad_1.0x1.0mm']",
GND test point,TP4,"['TestPoint', 'TestPoint_Pad_1.0x1.0mm']",
9VA test point,TP5,"['TestPoint', 'TestPoint_Pad_1.0x1.0mm']",
Pre Array Current + test point,TP6,"['TestPoint', 'TestPoint_Pad_1.0x1.0mm']",
Pre Array Current - test point,TP7,"['TestPoint', 'TestPoint_Pad_1.0x1.0mm']",
Array Current test point,TP8,"['TestPoint', 'TestPoint_Pad_1.0x1.0mm']",
Pre Array Voltage test point,TP9,"['TestPoint', 'TestPoint_Pad_1.0x1.0mm']",
Array Voltage test point,TP10,"['TestPoint', 'TestPoint_Pad_1.0x1.0mm']",
Pre Gate Voltage test point,TP11,"['TestPoint', 'TestPoint_Pad_1.0x1.0mm']",
Gate Voltage test point,TP12,"['TestPoint', 'TestPoint_Pad_1.0x1.0mm']",
CAN_Tx test point,TP13,"['TestPoint', 'TestPoint_Pad_1.0x1.0mm']",
CAN_Rx test point,TP14,"['TestPoint', 'TestPoint_Pad_1.0x1.0mm']",
CAN_ISO_Vout test point,TP15,"['TestPoint', 'TestPoint_Pad_1.0x1.0mm']",
CAN_ISO_Vin test point,TP16,"['TestPoint', 'TestPoint_Pad_1.0x1.0mm']",
CAN_ISO_GndIn test point,TP17,"['TestPoint', 'TestPoint_Pad_1.0x1.0mm']",
CAN_ISO_GndOut test point,TP18,"['TestPoint', 'TestPoint_Pad_1.0x1.0mm']",
CAN_H test point,TP19,"['TestPoint', 'TestPoint_Pad_1.0x1.0mm']",
CAN_L test point,TP20,"['TestPoint', 'TestPoint_Pad_1.0x1.0mm']",
